,City,Country,Latitude,Longitude,Max Temperature,Humidity,Cloudiness,Wind Speed,Date
0,ushuaia,AR,-54.8,-68.3,50.0,61,20,2.13,1603671119
1,puerto ayora,EC,-0.74,-90.35,68.0,86,53,5.99,1603671267
2,sur,OM,22.57,59.53,72.66,61,0,6.33,1603671267
3,albany,US,42.6,-73.97,43.0,54,1,3.53,1603671267
4,lorengau,PG,-2.02,147.27,86.11,65,100,5.7,1603671268
5,hearst,CA,49.68,-83.67,26.22,93,100,4.21,1603671035
6,mataura,NZ,-46.19,168.86,54.0,58,94,7.0,1603671268
7,cabo san lucas,MX,22.89,-109.91,87.01,58,40,11.41,1603671123
8,bilibino,RU,68.05,166.44,19.74,93,100,1.5,1603671269
9,butaritari,KI,3.07,172.79,81.34,70,50,8.72,1603671269
10,moron,AR,-34.65,-58.62,66.99,99,90,4.0,1603671269
11,busselton,AU,-33.65,115.33,72.0,48,0,8.63,1603671270
12,pevek,RU,69.7,170.31,25.47,98,100,6.96,1603671270
13,lata,PT,40.16,-8.33,55.0,87,73,5.01,1603671188
14,victoria,HK,22.29,114.16,75.0,78,100,3.0,1603671007
15,te anau,NZ,-45.42,167.72,51.87,65,100,3.83,1603671271
16,cape town,ZA,-33.93,18.42,62.01,77,0,11.41,1603671179
17,iringa,TZ,-7.77,35.7,57.42,90,52,4.38,1603671271
18,bluff,NZ,-46.6,168.33,54.0,58,78,7.0,1603671272
19,sept-iles,CA,50.2,-66.38,33.01,50,20,5.82,1603671213
20,hobart,AU,-42.88,147.33,59.0,46,75,14.99,1603671078
21,thompson,CA,55.74,-97.86,24.8,62,75,6.93,1603671272
22,esperance,AU,-33.87,121.9,62.6,55,0,20.8,1603671273
23,yellowknife,CA,62.46,-114.35,28.4,79,75,2.24,1603671030
24,kaa-khem,RU,51.68,94.73,24.15,77,87,3.87,1603671273
25,hithadhoo,MV,-0.6,73.08,83.59,67,61,5.93,1603671164
26,ozark,US,37.02,-93.21,45.0,86,71,8.08,1603671274
27,punta arenas,CL,-53.15,-70.92,44.6,81,75,2.24,1603671274
28,tawang,IN,27.58,91.87,46.49,72,46,3.58,1603671274
29,griffith,US,41.53,-87.42,48.0,61,90,8.05,1603671274
30,bredasdorp,ZA,-34.53,20.04,60.8,87,100,12.75,1603671275
31,tiksi,RU,71.69,128.87,5.22,90,100,31.27,1603671275
32,vestmannaeyjar,IS,63.44,-20.27,44.22,73,1,1.57,1603671275
33,havelock,US,34.88,-76.9,70.0,88,90,10.29,1603671275
34,kaitangata,NZ,-46.28,169.85,52.0,63,98,1.01,1603671070
35,vyazemskiy,RU,47.54,134.75,42.26,75,32,4.54,1603671276
36,umm lajj,SA,25.02,37.27,78.75,47,0,1.34,1603671276
37,ponta do sol,PT,32.67,-17.1,66.2,68,20,5.82,1603671054
38,ambon,ID,-3.7,128.18,84.2,74,20,3.36,1603671277
39,korla,CN,41.76,86.15,44.01,67,69,1.99,1603671277
40,kirakira,SB,-10.45,161.92,84.94,73,80,8.03,1603671278
41,east london,ZA,-33.02,27.91,66.18,70,97,1.45,1603671278
42,bambous virieux,MU,-20.34,57.76,73.99,78,75,14.99,1603671279
43,touros,BR,-5.2,-35.46,78.8,83,40,8.05,1603671279
44,jamestown,US,42.1,-79.24,45.0,70,90,9.17,1603671190
45,port alfred,ZA,-33.59,26.89,63.68,88,91,6.04,1603671279
46,mugur-aksy,RU,50.35,90.5,18.48,76,70,5.48,1603671280
47,iroquois falls,CA,48.77,-80.68,26.6,92,75,2.8,1603671280
48,batavia,US,41.85,-88.31,43.0,70,90,13.87,1603671182
49,qaanaaq,GL,77.48,-69.36,9.41,77,92,9.22,1603671075
50,mahebourg,MU,-20.41,57.7,73.4,78,75,14.99,1603671281
51,tahta,EG,26.77,31.5,68.0,55,0,3.36,1603671281
52,labrea,BR,-7.26,-64.8,73.06,98,100,2.37,1603671281
53,airai,TL,-8.93,125.41,71.37,76,97,1.92,1603671047
54,georgetown,MY,5.41,100.34,77.0,94,40,7.92,1603671242
55,lebu,CL,-37.62,-73.65,49.17,76,0,5.95,1603671282
56,pangnirtung,CA,66.15,-65.71,12.25,84,27,4.61,1603671283
57,kokoda,PG,-8.88,147.74,85.33,55,94,3.51,1603671283
58,dukat,RU,62.55,155.55,21.85,97,100,3.42,1603671283
59,vardo,NO,70.37,31.11,33.8,80,75,21.92,1603671283
60,sao jose da coroa grande,BR,-8.9,-35.15,77.23,81,58,11.9,1603671284
61,port hardy,CA,50.7,-127.42,44.6,60,90,6.93,1603671284
62,phan thiet,VN,10.93,108.1,77.25,87,85,3.18,1603671284
63,longyearbyen,SJ,78.22,15.64,28.4,79,75,3.36,1603671284
64,sao joao da barra,BR,-21.64,-41.05,71.74,86,99,9.15,1603671285
65,vila velha,BR,-20.33,-40.29,71.6,94,90,8.43,1603671285
66,tuatapere,NZ,-46.13,167.68,54.0,58,96,7.0,1603671285
67,new norfolk,AU,-42.78,147.06,59.0,46,2,1.99,1603671286
68,orizona,BR,-17.03,-48.3,69.73,87,100,5.37,1603671286
69,maceio,BR,-9.67,-35.74,77.0,88,0,6.93,1603671140
70,vaini,TO,-21.2,-175.2,73.4,88,90,12.75,1603671286
71,kangaatsiaq,GL,68.31,-53.46,20.71,86,79,7.92,1603671287
72,seoul,KR,37.57,126.98,48.2,100,1,1.16,1603671287
73,hit,IQ,33.64,42.83,66.43,24,24,5.35,1603671287
74,ngunguru,NZ,-35.62,174.5,64.98,71,11,8.61,1603671288
75,hermanus,ZA,-34.42,19.23,60.01,91,91,1.99,1603671288
76,nioro,GM,13.35,-15.75,79.32,76,7,5.99,1603671288
77,hilo,US,19.73,-155.09,87.8,55,40,11.41,1603671009
78,port blair,IN,11.67,92.75,78.84,83,41,5.12,1603671289
79,kapaa,US,22.08,-159.32,84.0,74,40,9.17,1603671289
80,alpharetta,US,34.08,-84.29,68.0,94,71,5.95,1603671263
81,lagoa,PT,39.05,-27.98,64.11,64,68,4.5,1603671290
82,viedma,AR,-40.81,-63.0,53.01,58,0,2.01,1603671290
83,atuona,PF,-9.8,-139.03,78.93,75,2,20.69,1603671028
84,sabha,LY,27.04,14.43,67.68,34,0,8.52,1603671291
85,west wendover,US,40.74,-114.07,35.6,29,75,18.34,1603671291
86,chuy,UY,-33.7,-53.46,66.09,91,100,10.2,1603671291
87,tuktoyaktuk,CA,69.45,-133.04,19.4,92,90,18.34,1603671292
88,loukhi,RU,66.08,33.04,25.07,98,99,4.9,1603671292
89,high level,CA,58.52,-117.14,30.2,42,75,2.84,1603671279
90,codajas,BR,-3.84,-62.06,77.58,90,85,0.74,1603671293
91,santa rosa,PH,14.31,121.11,78.8,88,90,9.17,1603671293
92,caravelas,BR,-17.71,-39.25,71.74,95,100,13.85,1603671293
93,port-cartier,CA,50.03,-66.87,33.01,50,20,5.82,1603671294
94,andenes,NO,69.31,16.12,37.4,86,75,21.92,1603671294
95,saint-philippe,RE,-21.36,55.77,73.4,68,0,5.82,1603671294
96,laguna,US,38.42,-121.42,70.0,14,1,20.8,1603671294
97,college,US,64.86,-147.8,34.0,74,90,4.7,1603671249
98,trofors,NO,65.53,13.41,48.2,70,91,12.75,1603671295
99,waipawa,NZ,-41.41,175.52,66.2,72,99,20.8,1603671224
100,kamaishi,JP,39.27,141.88,48.2,100,75,5.48,1603671296
101,la colmena,PY,-25.88,-56.82,85.12,42,31,2.84,1603671296
102,varhaug,NO,58.61,5.65,46.99,99,24,15.77,1603671296
103,holoby,UA,51.09,25.01,51.01,98,100,11.01,1603671297
104,chupa,RU,66.27,33.05,27.05,97,100,5.19,1603671297
105,ancud,CL,-41.87,-73.82,51.01,76,75,13.87,1603671297
106,ayan,RU,56.45,138.17,28.69,85,0,14.05,1603671297
107,avarua,CK,-21.21,-159.78,77.0,69,70,10.29,1603671298
108,abha,SA,18.22,42.51,60.8,21,0,1.39,1603671298
109,castro,BR,-24.79,-50.01,62.13,94,1,5.64,1603671128
110,vao,NC,-22.67,167.48,72.75,82,4,12.97,1603671298
111,khatanga,RU,71.97,102.5,6.1,95,95,9.57,1603671299
112,serenje,ZM,-13.23,30.24,64.26,51,64,4.68,1603671299
113,nipawin,CA,53.37,-104.0,26.6,49,90,14.99,1603671299
114,arraial do cabo,BR,-22.97,-42.03,72.5,84,81,8.95,1603671299
115,myitkyina,MM,25.38,97.4,68.67,94,27,1.61,1603671300
116,faanui,PF,-16.48,-151.75,80.87,69,31,7.81,1603671028
117,oktyabrskoye,RU,43.06,44.74,41.0,75,64,4.47,1603671300
118,taguing,PH,17.94,121.76,80.67,87,100,8.43,1603671301
119,rikitea,PF,-23.12,-134.97,74.5,82,100,22.55,1603671302
120,kununurra,AU,-15.77,128.73,87.8,58,91,9.17,1603671302
121,komsomolskiy,UZ,40.43,71.72,46.4,49,0,6.93,1603671303
122,sao filipe,CV,14.9,-24.5,82.53,64,96,15.9,1603671304
123,kodiak,US,57.79,-152.41,48.2,87,90,6.93,1603671305
124,ozinki,RU,51.18,49.68,40.41,75,48,18.19,1603671307
125,cherskiy,RU,68.75,161.3,16.23,96,100,0.89,1603671029
126,mendoza,AR,-32.89,-68.83,59.0,67,0,5.82,1603671063
127,vila do maio,CV,15.13,-23.22,80.6,69,0,16.11,1603671307
128,ribeira grande,PT,38.52,-28.7,65.34,74,68,5.59,1603671309
129,segou,ML,13.43,-6.22,79.25,17,0,3.38,1603671309
130,byron bay,AU,-28.65,153.62,73.0,88,90,4.7,1603671268
131,kavieng,PG,-2.57,150.8,82.85,76,100,9.19,1603671310
132,constitucion,CL,-35.33,-72.42,50.83,72,0,13.8,1603671310
133,razvilnoye,RU,46.24,41.3,53.85,74,100,10.25,1603671311
134,lompoc,US,34.64,-120.46,64.4,68,90,13.87,1603671086
135,talavera,PH,15.62,120.93,77.0,88,90,18.34,1603671312
136,honningsvag,NO,70.98,25.97,36.32,81,76,24.18,1603671313
137,bogorodskoye,RU,56.55,37.88,42.66,96,90,4.63,1603671313
138,farafangana,MG,-22.82,47.83,69.87,86,29,5.73,1603671314
139,dikson,RU,73.51,80.55,19.94,98,100,11.68,1603671314
140,raudeberg,NO,61.99,5.14,46.99,81,54,20.58,1603671314
141,ada,US,43.42,-116.13,44.6,19,1,18.34,1603671315
142,bathsheba,BB,13.22,-59.52,82.4,74,40,12.75,1603671315
143,codrington,AU,-38.27,141.97,56.07,65,1,18.34,1603671316
144,alasehir,TR,38.35,28.52,65.41,51,27,3.42,1603671316
145,hay river,CA,60.82,-115.8,28.4,68,75,9.17,1603671305
146,la asuncion,VE,11.03,-63.86,81.52,81,0,17.78,1603671317
147,asau,RO,46.43,26.4,53.01,98,100,1.88,1603671318
148,necochea,AR,-38.55,-58.74,55.99,91,100,14.0,1603671318
149,dejen,ET,10.17,38.13,50.18,49,1,5.17,1603671319
150,mahon,ES,39.89,4.27,66.2,77,75,19.46,1603671320
151,asilah,MA,35.47,-6.03,64.4,72,75,10.29,1603671320
152,makakilo city,US,21.35,-158.09,84.2,70,1,8.05,1603671321
153,khairagarh,IN,26.95,77.82,70.38,24,0,1.92,1603671322
154,gat,IL,31.61,34.76,73.99,88,0,1.12,1603671322
155,pithoragarh,IN,29.58,80.22,45.39,68,0,3.13,1603671322
156,riverton,US,40.52,-111.94,30.99,63,90,16.11,1603671323
157,nantucket,US,41.28,-70.1,50.0,70,20,10.29,1603671096
158,krasnyy chikoy,RU,50.36,108.75,21.38,88,94,10.33,1603671323
159,marica,BR,-22.92,-42.82,73.4,78,75,9.17,1603671324
160,une,CO,4.4,-74.03,57.2,93,40,3.36,1603671324
161,palma di montechiaro,IT,37.19,13.77,55.0,77,0,5.57,1603671325
162,saskylakh,RU,71.92,114.08,8.37,94,100,10.47,1603671325
163,wucheng,CN,29.6,118.17,61.07,67,97,1.12,1603671325
164,haysville,US,37.56,-97.35,35.01,71,90,17.22,1603671326
165,barrow,US,71.29,-156.79,24.8,79,90,8.05,1603671326
166,nikolskoye,RU,59.7,30.79,42.8,93,90,6.71,1603671327
167,kharp,RU,66.8,65.81,15.13,94,100,11.74,1603671327
168,pita,GN,10.83,-12.58,71.87,53,60,2.86,1603671327
169,provideniya,RU,64.38,-173.3,35.6,74,90,6.71,1603671328
170,leningradskiy,RU,69.38,178.42,25.57,92,72,6.53,1603671328
171,charters towers,AU,-20.1,146.27,83.8,37,17,5.79,1603671038
172,khurba,RU,50.41,136.88,39.97,71,6,2.33,1603671329
173,samarai,PG,-10.62,150.67,82.9,75,56,6.82,1603671329
174,amapa,BR,1.0,-52.0,73.65,92,44,3.15,1603671330
175,shestakovo,RU,56.49,103.96,17.94,95,9,2.98,1603671330
176,balkanabat,TM,39.51,54.37,57.9,40,0,1.34,1603671331
177,lokosovo,RU,61.13,74.82,23.67,98,95,10.04,1603671331
178,chokurdakh,RU,70.63,147.92,5.7,92,2,9.98,1603671332
179,namibe,AO,-15.2,12.15,68.36,80,43,5.41,1603671332
180,tasiilaq,GL,65.61,-37.64,32.0,97,99,19.46,1603671333
181,san patricio,US,28.02,-97.52,79.0,78,75,17.22,1603671333
182,fort nelson,CA,58.81,-122.7,30.2,50,75,6.93,1603671334
183,tara,RU,56.89,74.37,34.65,97,99,5.41,1603671335
184,lensk,RU,60.73,114.93,23.31,96,100,8.23,1603671336
185,fomboni,KM,-12.28,43.74,79.63,77,0,14.5,1603671337
186,pyu,MM,18.48,96.43,73.72,95,67,1.63,1603671337
187,chumikan,RU,54.72,135.31,31.19,87,0,19.3,1603671338
188,bukama,CD,-9.2,25.85,74.89,70,13,1.72,1603671338
189,algete,ES,40.6,-3.5,50.0,76,0,6.93,1603671339
190,ondangwa,NA,-17.92,15.95,80.6,26,43,5.82,1603671339
191,potosi,BO,-19.58,-65.75,55.24,41,65,5.99,1603671340
192,zhicheng,CN,30.3,111.5,64.0,76,99,0.87,1603671340
193,bacolod,PH,10.67,122.95,76.51,88,100,17.13,1603671122
194,katherine,AU,-14.47,132.27,86.0,58,40,12.75,1603671341
195,xifeng,CN,42.74,124.72,44.38,62,25,2.21,1603671341
196,kalush,UA,49.01,24.37,50.43,90,100,6.73,1603671342
197,boa vista,BR,2.82,-60.67,91.4,46,0,5.82,1603671343
198,katsuura,JP,35.13,140.3,64.0,59,75,4.7,1603671343
199,ust-maya,RU,60.42,134.53,8.51,93,0,1.21,1603671344
200,san quintin,MX,30.48,-115.95,66.97,69,82,14.7,1603671344
201,paamiut,GL,61.99,-49.67,36.28,84,98,7.99,1603671345
202,antalaha,MG,-14.9,50.28,69.26,84,10,5.93,1603671138
203,zhigansk,RU,66.77,123.37,-2.15,89,16,5.68,1603671345
204,nyamuswa,TZ,-1.9,34.02,67.21,86,94,3.44,1603671346
205,boddam,GB,57.47,-1.78,46.4,87,75,18.34,1603671346
206,rio gallegos,AR,-51.62,-69.22,50.0,71,75,6.93,1603671347
207,niamey,NE,13.51,2.11,80.6,30,30,1.12,1603671347
208,nemuro,JP,43.32,145.57,53.6,58,20,11.41,1603671347
209,port elizabeth,ZA,-33.92,25.57,62.6,93,75,17.22,1603671348
210,mehamn,NO,71.04,27.85,32.67,92,65,18.03,1603671348
211,cayenne,GF,4.93,-52.33,78.8,88,0,2.24,1603671317
212,ambilobe,MG,-13.2,49.05,69.21,75,0,4.92,1603671349
213,aksarka,RU,66.56,67.8,13.93,96,100,11.83,1603671349
214,bandarbeyla,SO,9.49,50.81,74.75,79,10,9.89,1603671350
215,grand gaube,MU,-20.01,57.66,73.99,76,79,8.99,1603671350
216,aswan,EG,24.09,32.91,71.56,39,0,11.36,1603671351
217,carnarvon,AU,-24.87,113.63,71.6,83,75,18.34,1603671351
218,anloga,GH,5.79,0.9,77.0,88,20,1.12,1603671351
219,rozivka,UA,46.94,35.77,55.69,73,76,9.78,1603671352
220,dudinka,RU,69.41,86.18,10.4,92,75,11.18,1603671352
221,salalah,OM,17.02,54.09,75.2,60,0,5.82,1603671353
222,wajima,JP,37.4,136.9,59.0,72,20,2.24,1603671353
223,porto franco,BR,-6.34,-47.4,77.31,80,79,1.5,1603671297
224,vilhena,BR,-12.74,-60.15,73.51,78,92,3.33,1603671354
225,penicuik,GB,55.83,-3.22,48.2,81,40,12.75,1603671354
226,tura,IN,25.52,90.22,68.85,95,28,1.19,1603671355
227,carballo,ES,43.21,-8.69,48.2,81,0,8.05,1603671355
228,fez,MA,34.04,-5.0,53.6,93,0,4.12,1603671355
229,sumbe,AO,-11.21,13.84,75.04,88,96,6.96,1603671356
230,sola,VU,-13.88,167.55,80.6,88,90,17.98,1603671357
231,manzanillo,CU,20.34,-77.12,77.54,88,100,5.1,1603671357
232,phak hai,TH,14.46,100.37,80.01,81,78,3.29,1603671357
233,mar del plata,AR,-38.0,-57.56,60.8,100,90,3.06,1603671279
234,chama,CH,47.18,8.46,51.01,93,40,1.79,1603671358
235,deputatskiy,RU,69.3,139.9,3.22,89,1,5.64,1603671358
236,yulara,AU,-25.24,130.99,66.2,27,24,20.8,1603671358
237,bulqize,AL,41.49,20.22,53.6,87,90,4.7,1603671359
238,majene,ID,-3.54,118.97,83.26,72,72,6.08,1603671359
239,cockburn town,TC,21.46,-71.14,83.21,80,100,25.41,1603671359
240,itarema,BR,-2.92,-39.92,79.88,78,32,15.73,1603671360
241,hofn,IS,64.25,-15.21,43.39,75,100,12.33,1603671360
242,juneau,US,58.3,-134.42,34.0,86,90,8.05,1603671361
243,kruisfontein,ZA,-34.0,24.73,62.01,96,100,3.0,1603671361
244,olafsvik,IS,64.89,-23.71,42.06,81,100,22.64,1603671362
245,doka,SD,13.52,35.77,75.38,56,0,4.05,1603671362
246,mount gambier,AU,-37.83,140.77,55.4,58,2,23.04,1603671363
247,bonavista,CA,48.65,-53.11,39.99,75,62,17.0,1603671363
248,santa cruz de la palma,ES,28.68,-17.76,71.6,64,71,11.41,1603671364
249,virginia beach,US,36.85,-75.98,66.99,97,100,1.99,1603671212
250,ust-nera,RU,64.57,143.2,7.29,87,62,4.16,1603671364
251,bouna,CI,9.27,-3.0,75.79,54,68,3.02,1603671365
252,volsk,RU,52.03,47.38,41.22,75,12,11.25,1603671365
253,altona,DE,53.55,9.93,52.0,87,100,5.82,1603671365
254,sao miguel do araguaia,BR,-13.28,-50.16,78.15,63,32,3.87,1603671365
255,kiunga,PG,-6.12,141.29,80.42,86,98,2.39,1603671366
256,aklavik,CA,68.22,-135.01,21.2,92,90,9.17,1603671366
257,fairbanks,US,64.84,-147.72,34.0,79,1,3.96,1603671366
258,ilulissat,GL,69.22,-51.1,15.8,52,79,1.12,1603671367
259,sao geraldo do araguaia,BR,-6.4,-48.55,79.48,73,66,2.53,1603671367
260,cidreira,BR,-30.18,-50.21,69.55,87,8,25.17,1603671367
261,maku,IR,39.29,44.45,55.45,40,100,0.78,1603671368
262,broome,US,42.25,-75.83,48.0,45,90,5.57,1603671091
263,erzin,TR,36.96,36.2,60.8,54,0,3.87,1603671368
264,luderitz,NA,-26.65,15.16,65.44,53,65,21.21,1603671368
265,yola,NG,9.2,12.48,80.53,42,70,4.61,1603671369
266,ayr,GB,55.46,-4.63,50.0,87,40,16.11,1603671369
267,togul,RU,53.47,85.91,34.48,94,100,15.97,1603671369
268,aktau,KZ,43.65,51.2,55.4,93,90,2.24,1603671370
269,kolosovka,RU,56.47,73.61,35.2,97,99,5.21,1603671370
270,ulladulla,AU,-35.35,150.47,57.2,71,75,11.41,1603671370
271,torbay,CA,47.67,-52.73,41.0,80,75,20.8,1603671371
272,homer,US,59.64,-151.55,46.4,70,90,10.29,1603671371
273,alice springs,AU,-23.7,133.88,64.4,27,0,16.11,1603671256
274,bahia honda,CU,22.9,-83.16,78.58,87,92,9.78,1603671372
275,hauterive,FR,46.09,3.45,50.0,87,100,8.05,1603671373
276,goderich,CA,43.75,-81.72,42.01,73,94,14.07,1603671369
277,rio tercero,AR,-32.17,-64.11,55.0,75,19,10.71,1603671373
278,miri,MY,4.41,114.01,75.2,94,40,8.05,1603671374
279,gobabis,NA,-22.45,18.97,74.14,34,66,11.12,1603671374
280,yeniseysk,RU,58.45,92.17,25.88,86,100,7.72,1603671374
281,saint george,US,37.1,-113.58,55.99,34,74,16.11,1603671371
282,grao mogol,BR,-16.56,-42.89,67.35,92,79,4.7,1603671375
283,hasaki,JP,35.73,140.83,55.4,71,75,5.82,1603671375
284,maltahohe,NA,-24.83,16.98,73.6,19,34,18.54,1603671376
285,gusau,NG,12.16,6.66,75.61,30,88,3.58,1603671377
286,lavrentiya,RU,65.58,-171.0,33.82,88,95,7.99,1603671377
287,magole,TZ,-6.37,37.37,70.99,83,32,2.89,1603671377
288,pechenga,RU,69.53,31.17,30.2,80,40,20.8,1603671378
289,ahipara,NZ,-35.17,173.17,69.37,63,2,6.76,1603671378
290,broken hill,AU,-31.95,141.43,53.6,62,40,17.22,1603671378
291,severo-kurilsk,RU,50.68,156.12,45.9,82,82,6.2,1603671379
292,karratha,AU,-20.74,116.85,74.17,58,87,13.6,1603671379
293,yatou,CN,37.15,122.38,57.96,71,68,2.01,1603671380
294,el penon,CO,8.99,-73.95,77.85,86,77,1.95,1603671380
295,iquique,CL,-20.22,-70.14,62.6,77,90,14.99,1603671381
296,pimentel,PE,-6.84,-79.93,63.1,88,79,13.76,1603671381
297,mecca,SA,21.43,39.83,76.57,68,0,1.86,1603671382
298,smithers,CA,54.78,-127.17,26.6,63,90,1.05,1603671087
299,san andres,CO,12.58,-81.7,82.4,83,75,4.7,1603671146
300,khani,GE,41.96,42.96,48.2,81,0,4.7,1603671383
301,kungurtug,RU,50.6,97.52,15.58,78,33,2.51,1603671383
302,coihaique,CL,-45.58,-72.07,48.2,57,75,6.93,1603671384
303,south yarmouth,US,41.67,-70.18,48.99,75,75,5.82,1603671384
304,karatau,KZ,43.17,70.47,39.83,68,12,3.2,1603671385
305,hasan abdal,PK,30.43,72.7,62.92,30,0,7.09,1603671385
306,saint-francois,FR,46.42,3.91,51.01,93,100,4.7,1603671385
307,birin,NP,26.89,88.07,56.41,100,20,2.95,1603671386
308,marsala,IT,37.8,12.44,59.0,93,40,6.93,1603671386
309,kutum,SD,14.2,24.67,68.49,27,17,8.32,1603671386
310,tumbi,TZ,-5.07,32.73,72.34,61,95,4.56,1603671387
311,okhotsk,RU,59.38,143.3,32.65,84,45,23.62,1603671387
312,kuruman,ZA,-27.45,23.43,69.01,50,60,11.72,1603671388
313,pisco,PE,-13.7,-76.22,66.2,72,0,17.22,1603671388
314,prince rupert,CA,54.32,-130.32,37.4,93,90,10.29,1603671388
315,chapais,CA,49.78,-74.85,26.6,79,90,3.36,1603671389
316,karpinsk,RU,59.77,60.01,24.96,98,100,3.98,1603671389
317,iqaluit,CA,63.75,-68.51,15.8,78,90,3.36,1603671390
318,isangel,VU,-19.55,169.27,80.6,65,75,6.93,1603671390
319,kizilskoye,RU,52.73,58.89,50.2,88,100,11.77,1603671390
320,guerrero negro,MX,27.98,-114.06,70.14,68,47,17.98,1603671205
321,ixtapa,MX,20.7,-105.2,89.6,66,75,6.93,1603671391
322,kidal,ML,18.44,1.41,75.9,16,0,8.55,1603671391
323,namalenga,TZ,-10.95,39.1,70.93,85,34,3.83,1603671392
324,jha jha,IN,24.77,86.37,66.87,55,0,2.3,1603671392
325,srednekolymsk,RU,67.45,153.68,14.58,90,20,1.63,1603671128
326,sitka,US,57.05,-135.33,41.0,86,90,16.11,1603671393
327,taltal,CL,-25.4,-70.48,60.37,56,22,5.93,1603671393
328,moscow,RU,55.75,37.62,48.0,93,75,4.47,1603671168
329,agadez,NE,19.75,10.25,68.47,24,0,9.57,1603671189
330,dongsheng,CN,39.82,109.98,41.54,61,0,12.24,1603671394
331,dingle,PH,11.0,122.67,76.03,90,100,17.96,1603671395
332,avera,US,33.19,-82.53,73.4,100,90,3.36,1603671395
333,aksu,CN,41.12,80.26,45.59,50,100,3.78,1603671395
334,powell river,CA,49.85,-124.54,44.6,65,75,3.11,1603671396
335,antofagasta,CL,-23.65,-70.4,59.0,72,75,11.41,1603671396
336,tyazhinskiy,RU,56.12,88.52,29.12,98,100,9.08,1603671396
337,puerto del rosario,ES,28.5,-13.86,69.8,73,75,18.34,1603671397
338,pangoa,PE,-12.12,-73.0,76.82,76,100,1.83,1603671397
339,naro,IT,37.29,13.79,54.0,79,0,1.01,1603671398
340,port hawkesbury,CA,45.62,-61.35,41.0,60,90,9.17,1603671398
341,porto novo,BJ,6.5,2.6,78.8,94,40,2.24,1603671398
342,puerto escondido,MX,15.85,-97.07,84.2,70,75,5.82,1603671399
343,santa cruz,BO,-17.8,-63.17,86.0,62,72,14.99,1603671303
344,fortuna,US,40.6,-124.16,61.0,66,1,10.29,1603671399
345,faya,SA,18.39,42.45,60.8,21,0,1.36,1603671399
346,hervey bay,AU,-25.3,152.85,84.0,61,75,11.41,1603671365
347,formosa,AR,-26.18,-58.18,93.2,44,0,11.41,1603671400
348,norman wells,CA,65.28,-126.83,30.2,92,75,12.75,1603671400
349,tual,ID,-5.67,132.75,82.44,71,100,8.34,1603671401
350,hami,CN,42.8,93.45,38.61,66,57,3.51,1603671401
351,vacha,RU,55.8,42.77,41.16,94,79,7.05,1603671402
352,los llanos de aridane,ES,28.66,-17.92,71.6,64,72,11.41,1603671402
353,limoux,FR,42.92,2.17,51.8,93,83,8.05,1603671403
354,bethel,US,41.37,-73.41,48.2,61,90,3.36,1603671403
355,soyo,AO,-6.13,12.37,76.55,86,98,7.4,1603671404
356,frontera,MX,26.93,-101.45,86.0,40,0,1.99,1603671404
357,nanortalik,GL,60.14,-45.24,34.9,88,100,12.46,1603671404
358,pemangkat,ID,1.17,108.97,79.34,84,98,4.97,1603671404
359,mount isa,AU,-20.73,139.5,78.8,27,60,12.75,1603671405
360,vostok,RU,46.49,135.88,36.28,87,75,1.57,1603671405
361,ponta delgada,PT,37.73,-25.67,59.0,82,20,5.82,1603671163
362,tukrah,LY,32.53,20.58,70.68,76,80,5.77,1603671406
363,naze,JP,28.37,129.48,73.4,64,75,4.7,1603671406
364,york,US,40.13,-77.0,44.01,97,100,5.93,1603671305
365,clyde river,CA,70.47,-68.59,12.2,85,1,12.75,1603671407
366,bell ville,AR,-32.63,-62.69,57.99,85,72,5.99,1603671407
367,drayton valley,CA,53.22,-114.99,28.89,93,39,5.01,1603671407
368,alappuzha,IN,9.49,76.33,76.66,85,96,5.59,1603671408
369,paita,PE,-5.09,-81.11,63.5,86,52,14.09,1603671408
370,waddan,LY,29.16,16.14,63.66,71,8,7.7,1603671408
371,kollam,IN,8.88,76.6,80.6,88,20,2.24,1603671409
372,haverfordwest,GB,51.8,-4.97,51.8,81,64,24.16,1603671409
373,vila franca do campo,PT,37.72,-25.43,59.0,82,20,5.82,1603671410
374,rawson,AR,-43.3,-65.1,59.61,34,28,5.84,1603671410
375,santa cruz de tenerife,ES,28.47,-16.25,66.0,87,20,6.93,1603671373
376,kupang,ID,-10.17,123.58,82.4,83,20,2.24,1603671305
377,ugoofaaru,MV,5.67,73.0,81.97,74,98,10.69,1603671411
378,espanola,US,35.99,-106.08,62.01,23,90,11.41,1603671228
379,amambai,BR,-23.1,-55.23,80.65,59,45,4.65,1603671411
380,teknaf,BD,20.86,92.31,77.02,89,7,4.61,1603671412
381,caluquembe,AO,-13.78,14.68,62.71,83,42,5.46,1603671412
382,moerai,PF,-22.43,-151.33,72.55,77,69,19.6,1603671413
383,camocim,BR,-2.9,-40.84,80.06,77,19,13.78,1603671413
384,gizo,SB,-8.1,156.84,84.61,68,39,3.2,1603671413
385,atar,MR,20.52,-13.05,88.99,15,100,7.47,1603671414
386,sao felix do xingu,BR,-6.64,-51.99,78.58,70,47,0.43,1603671414
387,vondrozo,MG,-22.82,47.28,58.84,100,74,2.06,1603671414
388,turukhansk,RU,65.82,87.98,1.99,91,20,6.93,1603671415
389,george town,MY,5.41,100.34,77.0,94,40,7.92,1603671415
390,marsh harbour,BS,26.54,-77.06,76.26,85,100,7.52,1603671415
391,puerto leguizamo,CO,-0.19,-74.78,81.1,66,72,0.76,1603671416
392,saldanha,ZA,-33.01,17.94,55.4,87,16,6.93,1603671416
393,semey,KZ,50.41,80.23,42.8,60,90,17.9,1603671417
394,coahuayana,MX,18.73,-103.68,80.6,83,40,13.87,1603671417
395,porto velho,BR,-8.76,-63.9,78.8,88,40,1.12,1603671147
396,ponca city,US,36.71,-97.09,41.0,86,90,13.87,1603671364
397,lebedinyy,RU,58.52,125.52,30.87,90,100,12.24,1603671418
398,mola di bari,IT,41.06,17.09,55.4,87,0,8.05,1603671418
399,lesozavodsk,RU,45.48,133.42,40.91,76,0,3.69,1603671419
400,katobu,ID,-4.94,122.53,87.04,59,71,1.16,1603671419
401,requena,ES,39.49,-1.1,53.01,91,97,1.99,1603671419
402,klaksvik,FO,62.23,-6.59,41.0,93,2,8.05,1603671420
403,shenjiamen,CN,29.96,122.3,66.09,66,60,6.98,1603671420
404,nevsehir,TR,38.92,34.67,46.4,39,0,8.05,1603671420
405,lat yao,TH,15.75,99.79,75.11,89,90,0.81,1603671421
406,eldorado,BR,-23.79,-54.28,80.42,54,4,4.18,1603671422
407,bulgan,MN,48.81,103.53,23.22,80,6,3.11,1603671422
408,chontalpa,MX,17.7,-93.52,75.99,91,82,4.97,1603671423
409,turan,VN,16.07,108.22,73.4,94,75,1.12,1603671423
410,la rioja,ES,42.25,-2.5,48.2,81,75,6.93,1603671286
411,kanigoro,ID,-8.13,112.22,79.0,81,98,4.81,1603671424
412,upernavik,GL,72.79,-56.15,13.91,76,65,4.88,1603671424
413,mahibadhoo,MV,3.78,72.97,82.06,77,93,9.78,1603671425
414,kaeo,NZ,-35.1,173.78,68.23,61,28,6.33,1603671425
415,padang,ID,-0.95,100.35,79.03,69,100,1.7,1603671247
416,tairua,NZ,-37.02,175.85,68.43,59,20,6.6,1603671425
417,ginir,ET,7.13,40.7,55.56,94,0,2.95,1603671426
418,port lincoln,AU,-34.73,135.87,55.69,58,53,18.5,1603671426
419,buncrana,IE,55.13,-7.45,47.52,89,88,8.81,1603671426
420,powell,US,40.16,-83.08,50.0,61,90,6.93,1603671307
421,camacari,BR,-12.7,-38.32,80.6,78,40,16.11,1603671427
422,adrar,MR,20.5,-10.07,87.85,13,54,7.61,1603671427
423,brae,GB,60.4,-1.35,50.0,81,71,17.22,1603671131
424,korhogo,CI,9.45,-5.63,74.91,53,42,2.53,1603671366
425,rolla,US,37.95,-91.77,44.01,93,90,6.93,1603671200
426,colac,AU,-38.33,143.58,54.0,82,22,8.01,1603671428
427,san vicente,AR,-26.62,-54.13,76.62,58,41,3.47,1603671428
428,redlands,US,34.06,-117.18,64.4,55,75,10.29,1603671193
429,itaituba,BR,-4.28,-55.98,82.45,58,37,0.72,1603671429
430,nueva italia,PY,-25.62,-57.5,93.2,38,0,8.05,1603671429
431,teya,RU,60.38,92.63,19.24,94,100,2.86,1603671430
432,prabumulih,ID,-3.45,104.25,74.68,94,100,3.69,1603671430
433,geraldton,AU,-28.77,114.6,69.8,77,0,6.93,1603671216
434,chiang khong,TH,20.26,100.4,65.71,87,67,1.92,1603671431
435,nandura,IN,20.83,76.45,74.16,65,5,2.1,1603671431
436,chintamani,IN,13.4,78.07,68.0,100,75,2.24,1603671431
437,ust-kuyga,RU,70.02,135.6,1.02,88,2,7.29,1603671432
438,narsaq,GL,60.92,-46.05,41.0,48,100,14.99,1603671432
439,ponazyrevo,RU,58.36,46.31,31.33,97,50,6.85,1603671432
440,baracoa,CU,20.35,-74.5,79.92,80,100,6.58,1603671433
441,skjervoy,NO,70.03,20.97,37.9,77,100,31.03,1603671433
442,kloulklubed,PW,7.04,134.26,84.2,79,75,3.36,1603671433
443,ust-omchug,RU,61.15,149.63,23.4,94,100,8.43,1603671433
444,emerald,AU,-23.53,148.17,79.0,60,10,5.82,1603671434
445,portland,US,45.52,-122.68,46.4,24,1,13.87,1603671434
446,pacific grove,US,36.62,-121.92,62.01,72,40,8.05,1603671434
447,glasgow,GB,55.87,-4.26,48.99,87,79,13.87,1603671224
448,linqiong,CN,30.42,103.46,68.0,100,40,2.28,1603671435
449,petropavlovsk-kamchatskiy,RU,53.05,158.65,41.0,100,90,6.71,1603671435
450,manali,IN,13.17,80.27,78.8,94,75,3.36,1603671435
451,ati,TD,13.22,18.34,80.51,17,79,10.94,1603671436
452,hovd,MN,48.01,91.64,26.15,73,44,1.25,1603671436
453,beyneu,KZ,45.32,55.2,55.98,88,75,15.7,1603671437
454,valparaiso,CL,-33.04,-71.63,62.6,72,0,2.24,1603671437
455,topeka,US,39.05,-95.68,36.0,80,90,12.75,1603671312
456,alofi,NU,-19.06,-169.92,77.0,83,90,11.41,1603671348
457,cap malheureux,MU,-19.98,57.61,73.99,76,69,8.99,1603671438
458,arinos,BR,-15.92,-46.11,73.92,82,51,2.8,1603671439
459,novocheremshansk,RU,54.36,50.17,34.48,88,2,10.6,1603671439
460,skibbereen,IE,51.55,-9.27,44.6,87,40,12.75,1603671440
461,gorontalo,ID,0.54,123.06,85.01,64,98,0.89,1603671440
462,wilmington,US,34.23,-77.94,69.01,94,90,8.05,1603671368
463,marawi,PH,8.0,124.29,78.01,87,100,1.01,1603671440
464,qasigiannguit,GL,68.82,-51.19,15.8,52,84,1.12,1603671441
465,husavik,IS,66.04,-17.34,41.0,80,90,6.93,1603671441
466,markapur,IN,15.73,79.28,75.63,77,41,2.46,1603671442
467,yaan,NG,7.38,8.57,74.97,91,99,6.85,1603671442
468,novyy urengoy,RU,66.08,76.63,7.09,95,41,9.48,1603671442
469,phangnga,TH,8.45,98.53,82.99,94,75,1.45,1603671375
470,roald,NO,62.58,6.13,51.8,53,24,8.05,1603671443
471,yumen,CN,40.28,97.2,28.99,85,85,9.86,1603671443
472,turhal,TR,40.39,36.08,48.2,45,0,2.24,1603671443
473,wailuku,US,20.89,-156.5,93.2,46,40,14.99,1603671444
474,westport,US,41.14,-73.36,50.0,83,100,10.25,1603671290
475,tigil,RU,57.8,158.67,42.13,65,100,16.75,1603671444
476,ulaangom,MN,49.98,92.07,23.58,81,88,5.7,1603671445
477,berlevag,NO,70.86,29.09,34.03,88,67,21.81,1603671445
478,henties bay,NA,-22.12,14.28,57.99,91,0,3.0,1603671445
479,morros,BR,-9.45,-46.3,75.25,84,100,3.02,1603671446
480,karwar,IN,14.8,74.13,75.18,88,82,4.94,1603671446
481,mana,GF,5.66,-53.78,80.96,81,88,9.24,1603671447
482,grindavik,IS,63.84,-22.43,39.2,86,0,9.17,1603671447
483,ninghai,CN,29.29,121.42,64.99,88,61,1.19,1603671447
484,malatya,TR,38.5,38.0,41.0,42,0,2.24,1603671448
485,waingapu,ID,-9.66,120.26,83.28,64,100,4.99,1603671448
486,saint-michel-des-saints,CA,46.68,-73.92,31.1,82,59,2.15,1603671312
487,batagay-alyta,RU,67.8,130.41,5.16,85,3,5.75,1603671449
488,jalu,LY,29.03,21.55,63.28,83,0,7.05,1603671449
489,batken,KG,39.83,71.0,30.42,85,5,7.18,1603671449
490,souillac,MU,-20.52,57.52,73.4,78,75,14.99,1603671192
491,saint-augustin,CA,51.23,-58.65,32.13,85,9,12.77,1603671189
492,mareeba,AU,-17.0,145.43,87.01,51,41,4.7,1603671450
493,toamasina,MG,-18.17,49.38,68.0,94,40,4.7,1603671450
494,nedjo,ET,9.5,35.5,56.53,88,0,1.34,1603671451
495,walvis bay,NA,-22.96,14.51,57.99,87,1,13.87,1603671451
496,kaitong,CN,44.81,123.15,41.34,63,6,4.74,1603671452
497,kisangani,CD,0.52,25.2,68.43,98,100,2.51,1603671452
498,talnakh,RU,69.49,88.4,10.4,92,75,11.18,1603671452
499,cooma,AU,-36.23,149.13,42.8,81,75,13.87,1603671453
500,camana,PE,-16.62,-72.71,63.0,73,57,4.9,1603671453
501,sheridan,US,44.83,-106.92,10.4,60,40,4.7,1603671453
502,tanout,NE,14.97,8.89,77.95,17,11,10.22,1603671453
503,tshane,BW,-24.02,21.87,80.96,32,99,8.05,1603671454
504,krutikha,RU,53.96,81.21,37.65,90,100,14.23,1603671455
505,lauro muller,BR,-28.39,-49.4,66.63,90,68,2.08,1603671455
506,buraydah,SA,26.33,43.98,62.6,29,0,3.36,1603671455
507,nalut,LY,30.33,10.85,62.69,60,46,8.95,1603671456
508,port hedland,AU,-20.32,118.57,78.8,69,87,12.75,1603671456
509,olga,RU,43.74,135.29,45.21,62,0,7.11,1603671456
510,hirara,JP,24.8,125.28,75.2,69,20,9.17,1603671457
511,suffolk,US,40.87,-72.8,53.6,66,90,18.59,1603671457
512,songjianghe,CN,42.19,127.48,40.57,69,0,3.62,1603671458
513,bongor,TD,10.28,15.37,74.16,34,54,4.59,1603671458
514,sinnamary,GF,5.38,-52.95,81.14,81,55,11.12,1603671458
515,oudtshoorn,ZA,-33.59,22.2,59.0,100,100,3.36,1603671459
516,matara,LK,5.95,80.54,76.86,87,98,7.49,1603671459
517,alyangula,AU,-13.85,136.42,75.2,94,90,2.24,1603671459
518,kapchorwa,UG,1.4,34.45,58.82,85,69,2.86,1603671460
519,lufkin,US,31.34,-94.73,63.0,82,90,5.82,1603671282
520,nuuk,GL,64.18,-51.72,24.8,79,100,9.17,1603671461
521,alugan,PH,12.22,125.48,81.3,82,100,16.33,1603671461
522,sevierville,US,35.87,-83.56,69.01,88,90,2.1,1603671285
523,san fernando,PH,15.03,120.69,77.0,88,90,18.34,1603671462
524,praia,CV,14.92,-23.51,80.6,69,0,16.11,1603671205
525,inuvik,CA,68.35,-133.72,21.2,92,90,9.17,1603671463
526,maarianhamina,AX,60.1,19.93,51.8,93,90,17.22,1603671463
527,edinburg,GB,55.95,-3.2,48.99,81,40,12.75,1603671193
528,zuwarah,LY,32.93,12.08,70.74,71,49,11.3,1603671464
529,sarh,TD,9.14,18.39,73.4,88,0,2.57,1603671464
530,taree,AU,-31.9,152.47,69.8,73,75,9.17,1603671464
531,egvekinot,RU,66.32,-179.17,23.31,93,0,3.58,1603671465
532,nova olimpia,BR,-14.8,-57.29,81.27,64,53,5.44,1603671465
533,talcahuano,CL,-36.72,-73.12,55.4,58,0,13.87,1603671465
534,kashi,CN,39.45,75.98,48.2,77,40,8.95,1603671424
535,abadan,IR,30.34,48.3,64.4,72,0,2.24,1603671466
536,richards bay,ZA,-28.78,32.04,70.29,79,100,11.5,1603671466
537,ashtian,IR,34.52,50.0,41.41,66,36,3.58,1603671467
538,hoi an,VN,15.88,108.33,73.4,94,75,1.12,1603671352
539,patacamaya,BO,-17.23,-67.92,50.5,50,95,6.8,1603671467
540,karpathos,GR,35.51,27.21,68.0,88,91,8.05,1603671182
541,fraserburgh,GB,57.69,-2.02,46.0,76,92,5.99,1603671468
542,tiznit,MA,29.58,-9.5,61.03,63,0,2.95,1603671468
543,skagen,DK,57.72,10.58,54.0,91,100,11.01,1603671468
544,cuamba,MZ,-14.8,36.54,71.4,62,36,4.14,1603671468
545,sergeyevka,KZ,53.88,67.42,45.36,96,100,9.15,1603671469
546,kuching,MY,1.55,110.33,77.0,94,40,2.24,1603671232
547,candolim,IN,15.52,73.76,77.0,100,40,2.24,1603671469
548,lasa,IT,46.62,10.7,53.01,93,90,5.82,1603671470
549,kargat,RU,55.2,80.28,38.64,96,100,13.56,1603671470
550,adeje,ES,28.12,-16.73,70.0,64,20,12.75,1603671471
551,banjar,ID,-8.19,114.97,80.6,88,40,2.24,1603671471
552,macapa,BR,0.04,-51.07,84.2,74,20,10.29,1603671460
553,gap,FR,44.67,6.0,51.01,88,100,7.92,1603671471
